calculation_time_without_oracle,execute_time_without_oracle,fake_location,final_location_without_oracle,goal_location,how_far_from_goal_without_oracle,metric-0,metric-1,metric-2,metric-3,move_base_status_aborted_without_oracle,move_base_status_finish_without_oracle,real_location
20.011345148086548,9.978785037994383,"(-3.225726755593967, 0.5417028345099428)","(-1.8768174453149593, 1.5480724156011318)","(2.8230000000000004, -2.702)",6.336513201843776,541.0,32101.0256,102.61242842788086,462.2533333333333,True,False,"(-1.8769999999999998, 1.548)"
0.12123513221740725,66.77834701538086,"(-0.6497592900820965, -4.510349860589565)","(-4.372797514471326, -0.3236550668313515)","(-4.327, -0.3019999999999996)",0.0506591971039974,349.0,10439.940488888888,72.70271187086878,262.00666666666666,False,True,"(0.7730000000000006, -4.452)"
0.19533514976501465,38.21230483055115,"(0.707538432708857, 1.0684580460955746)","(2.8637527526373874, 1.8807121524596049)","(-1.0269999999999997, 2.048)",3.8943474685870165,781.0,40472.98115555555,195.6039211784321,1078.0933333333332,True,False,"(2.0230000000000006, 2.4979999999999993)"
