calculation_time_oracle,calculation_time_without_oracle,execute_time_oracle,execute_time_without_oracle,fake_location,final_location_oracle,final_location_without_oracle,goal_location,how_far_from_goal_oracle,how_far_from_goal_without_oracle,metric-0,metric-1,metric-2,metric-3,move_base_status_finish_oracle,move_base_status_finish_without_oracle,real_location
0.00016999244689941406,0.00043392181396484375,300.03994393348694,9.611257076263428,"(2.102062815298553, -4.958964148356475)","(3.1739359357249697, -5.751763138211259)","(4.212830092349335, -6.189320719236524)","(3.223, -5.3020000000000005)",0.4524313902646718,1.329323764365444,47.0,52.83,1.485670808841448,74.38,False,False,"(3.173000000000001, -5.752000000000001)"
200.01088404655457,0.18654799461364746,300.000568151474,53.99294900894165,"(-2.7851528323278556, -2.6530533295271854)","(-3.9805456700401485, -3.8517690981061383)","(-7.912639203366548, -0.6840644459877777)","(-4.077, 1.5979999999999999)",5.450622593836468,4.463176697604955,188.0,197.58,23.8377809193198,53.59,False,False,"(-4.026999999999999, -3.8520000000000003)"
0.0003998279571533203,0.051978111267089844,59.406229972839355,300.0004258155823,"(-1.4360913536320208, -0.6501778944778104)","(-3.3184348702826316, -1.6734201713840122)","(0.32352849263601713, -1.2018341687716476)","(-3.327, -1.6520000000000001)",0.023069139324989923,3.678179923705868,404.0,13256.054399999999,40.78780261543482,657.67,False,False,"(0.3230000000000004, -1.202)"
